id,category,priority,part,owner,phase,task_id,module_path,feature,description,source,depends_on,acceptance_criteria,status
REQ-01,REQUIRED,P0,1,Member A,0-1,"P1-T01,P1-T02",io/pds_label.py,Source + reference image pair ingestion,Load a Chandrayaan-2 source (moving) image and an external reference (fixed) image into one common object model.,PS: 'Source Image (Moving)' / 'Reference Image (Fixed)',P0-T02,Both images load into identical SceneMeta shape; src/ref roles explicit in the API.,TODO
REQ-02,REQUIRED,P0,1,Member A,1,"P1-T01,P1-T03","io/pds_label.py,io/pds_raster.py",Chandrayaan-2 OHRC support,"Ingest OHRC panchromatic pushbroom products, 0.25 m/px GSD, 500-800 nm, TDI CCD.",PS Dataset: 'OHRC',REQ-01,"Real OHRC product (e.g. ch2_ohr_ncp_*_d_img_d18.img, 79796x12000) parses and reads a window.",TODO
REQ-03,REQUIRED,P0,1,Member A,1,"P1-T01,P1-T03","io/pds_label.py,io/pds_raster.py",Chandrayaan-2 TMC-2 support,"Ingest TMC-2 panchromatic stereo pushbroom products, ~5 m/px (4.43 m/px on real labels), 20 km swath, 3 look angles.",PS Dataset: 'TMC-2',REQ-01,"Real TMC-2 label (191483x4000, 4.43 m/px) parses; windowed read succeeds.",TODO
REQ-04,REQUIRED,P0,1,Member A,1-2,"P1-T01,P1-T14","io/pds_label.py,preprocess/iirs_composite.py",Chandrayaan-2 IIRS support,"Ingest IIRS hyperspectral products, ~80 m/px, 0.8-5.0 um, ~250-256 contiguous bands, BSQ/BIL/BIP interleave.",PS Dataset: 'IIRS',REQ-01,Real IIRS .hdr/.xml parses; band count read from label; single band and cube both readable.,TODO
REQ-05,REQUIRED,P0,1,Member A,1,P1-T06,io/reference.py,LRO NAC reference support,Load LRO Narrow Angle Camera products (0.5 m/px) as the reference image. Explicitly named in the PS dataset field.,PS Dataset: 'Reference: LRO NAC Images',REQ-01,Real NAC product (e.g. M1404744695RC.IMG) loads into SceneMeta.,TODO
REQ-06,REQUIRED,P1,2,Member A,1,P1-T06,io/reference.py,LRO WAC reference support,Load LRO Wide Angle Camera products (~100 m/px). Reachable via the LROC QuickMap link named in the PS.,PS Dataset link: LROC QuickMap hosts NAC and WAC,REQ-05,WAC product loads; IIRS<->WAC pair constructible.,TODO
REQ-07,REQUIRED,P0,1,Member A,3,"P1-T02,P1-T17","io/pds_label.py,io/reference.py",SELENE / Kaguya TC reference support,Load SELENE Terrain Camera PDS3 products (~7.4-10 m/px) as reference. Named generically as 'SELENE Images' in the PS.,PS Dataset: 'SELENE Images',REQ-01,Real SELENE TC .img+.lbl parses via the PDS3 path; ^IMAGE byte offset correct.,TODO
REQ-08,REQUIRED,P2,2,Member A,5,P1-T17,io/reference.py,SELENE / Kaguya MI reference support,Load SELENE Multiband Imager products (~20-62 m/px). Stretch goal; MI is genuinely unattempted against any CH-2 instrument.,PS Dataset: 'SELENE Images',REQ-07,MI product loads into SceneMeta with band metadata.,TODO
REQ-09,REQUIRED,P0,1+2,Member A+B,2,"P1-T04,P2-T10","io/instruments.py,matching/regime.py",Generic instrument-agnostic pipeline,"ONE pipeline handling any CH-2 instrument against either reference, not three hand-tuned special cases. The PS asks for a 'generic software solution'.",PS: 'Generic software solution',"REQ-02,REQ-03,REQ-04",A single entry point registers all tested pairs with no instrument-specific branch outside the config-driven registry.,TODO
REQ-10,REQUIRED,P0,2,Member B,1,"P2-T02,P2-T04","matching/classical.py,matching/learned.py",Feature detection stage,Detect keypoints in source and reference. Classical (SIFT/AKAZE/ORB/BRISK) plus learned detectors via kornia.,PS: 'finding match points',REQ-01,Detector returns keypoints on a real tile; count logged into Metrics.keypoints_src/ref.,TODO
REQ-11,REQUIRED,P0,2,Member B,1-3,"P2-T02,P2-T04,P2-T13",matching/*.py,Feature description stage,"Describe keypoints. Handcrafted (SIFT 128-D, binary), modality-independent (MIND/RIFT phase-congruency), and learned descriptors.",PS: 'finding match points',REQ-10,"At least one handcrafted, one modality-independent and one learned descriptor path available and selectable.",TODO
REQ-12,REQUIRED,P0,2,Member B,1-2,"P2-T02,P2-T04","matching/*.py,matching/filters.py",Feature matching stage,Match descriptors: BF/FLANN + Lowe ratio test + mutual nearest neighbour as the floor; learned matchers (LightGlue/LoFTR) as the primary path.,PS: 'finding match points',REQ-11,Returns a conforming MatchSet; ratio test and MNN both demonstrably filter outliers.,TODO
REQ-13,REQUIRED,P0,3,Member C,1,P3-T02,product/matchpoints.py,Match-point export (corresponding match points deliverable),"Export the corresponding match points as CSV and GeoJSON at sub-pixel precision, with pixel and lat/lon coordinates, confidence and inlier flag.",PS deliverable: 'registered product with corresponding match points',REQ-12,CSV round-trips to MatchSet without precision loss; GeoJSON opens in QGIS with lunar CRS.,TODO
REQ-14,REQUIRED,P0,2,Member B,2,P2-T06,"estimate/robust.py,estimate/models.py",Robust geometric model estimation,Estimate the source->reference transform (affine / homography / TPS) robustly via RANSAC / MAGSAC++ / USAC.,PS: 'aligning the source image with the reference image',REQ-12,Recovers a known synthetic homography to <1 px RMSE; MAGSAC beats RANSAC at 70% outliers.,TODO
REQ-15,REQUIRED,P0,3,Member C,2,P3-T03,product/warp.py,Source image geometric transformation (warping),Apply the estimated transform to geometrically transform the source image into the reference coordinate system.,PS: 'Source Image (Moving): the image that is to be geometrically transformed',REQ-14,Warped source visually aligns with reference; warp-then-inverse returns within sub-pixel error.,TODO
REQ-16,REQUIRED,P0,3,Member C,2,P3-T03,product/warp.py,Registered product export,"Write the registered product as a georeferenced GeoTIFF with correct geotransform and lunar CRS, plus a JSON sidecar carrying both SceneMeta objects, the transform and the metrics.",PS deliverable: 'Software and registered product',REQ-15,Output opens in QGIS aligned to the reference; sidecar validates against the contract schema.,TODO
REQ-17,REQUIRED,P0,2,Member B,2,P2-T08,refine/subpixel.py,Sub-pixel refinement,"Refine match points below integer-pixel resolution: quadratic NCC peak fitting, phase-correlation residual shift, cv2.cornerSubPix, and iterative least-squares homography refinement.",PS: 'with a sub-pixel accuracy of source image',REQ-14,"Known synthetic shift (0.37,-0.62) recovered to <0.1 px by at least two of the four methods.",TODO
REQ-18,REQUIRED,P0,2,Member B,2-4,"P2-T08,P2-T09","refine/subpixel.py,evaluate/groundtruth.py",Sub-pixel accuracy measurement / proof,"PROVE sub-pixel accuracy, not just claim it: synthetic self-validation (known sub-pixel shift applied to a real CH-2 image) plus independent DEM-based geometric cross-validation. No public sub-pixel ground truth exists for this combination.",PS: 'sub-pixel accuracy'; no public GT benchmark exists,REQ-17,"Metrics.subpixel_recovery_err_px populated from a real measurement, with the protocol documented.",TODO
REQ-19,REQUIRED,P0,2,Member B,2,P2-T07,refine/uniformity.py,Spatially uniform match-point distribution,"Enforce uniform spatial distribution of match points: NxN grid partition, per-cell top-k retention, secondary low-threshold pass on empty cells, farthest-point sampling alternative.",PS: 'maintaining uniform distribution across the images',REQ-14,"Clustered synthetic match set improves from <0.15 to >0.6 coverage; output resembles the PS's illustrated target, not its failure case.",TODO
REQ-20,REQUIRED,P0,2,Member B,2,"P2-T03,P2-T07","evaluate/metrics.py,refine/uniformity.py",Spatial coverage metric,"Report spatial coverage quantitatively = fraction of grid cells containing >=1 valid inlier, plus a Delaunay max-gap diagnostic.",PS: evaluation metric + uniform distribution mandate,REQ-19,"Metrics.spatial_coverage in [0,1]; matches a hand-counted value on a fixture.",TODO
REQ-21,REQUIRED,P0,2,Member B,1,P2-T03,evaluate/metrics.py,RMSE metric,"Root-mean-square residual error of inlier correspondences under the estimated transform, reported in pixels and in metres (px x GSD).",PS: 'Evaluation metric (eg. RMSE...)',REQ-14,Metrics.rmse_px and rmse_m computed; verified against a hand-calculated fixture.,TODO
REQ-22,REQUIRED,P0,2,Member B,1,P2-T03,evaluate/metrics.py,Inlier match count metric,Number of correspondences surviving robust estimation and all filtering stages.,PS: 'inlier match count',REQ-14,Metrics.inlier_count equals the sum of the inlier mask.,TODO
REQ-23,REQUIRED,P0,2,Member B,1,P2-T03,evaluate/metrics.py,Inlier ratio metric,Inliers divided by total candidate matches. The headline discriminator between easy and hard pairings in this problem.,PS: 'inlier ratio',REQ-22,"Metrics.inlier_ratio in [0,1]; consistent with inlier_count/len(matches).",TODO
REQ-24,REQUIRED,P0,1+2,Member A+B,2-3,"P1-T07,P1-T12,P1-T13,P2-T10","preprocess/*,geometry/solar.py,matching/regime.py",Illumination / Sun-angle variation handling,"Handle changes in sun azimuth and elevation that alter lunar surface appearance: CLAHE, phase-congruency descriptors, shadow masking, and regime routing driven by the extracted incidence angle.",PS challenge #1: 'Illumination variation',REQ-09,A pair with >40 deg incidence difference registers successfully where the SIFT baseline fails.,TODO
REQ-25,REQUIRED,P1,2,Member B,3,"P2-T06,P2-T14","estimate/models.py,matching/filters.py",Viewpoint variation handling,"Handle geometric distortion from differing camera positions/orientations: homography and TPS models, ASIFT-style affine simulation, orientation sanity checks.",PS challenge #2: 'Viewpoint variation',REQ-14,A 60 deg rotated synthetic pair that plain SIFT fails on is recovered.,TODO
REQ-26,REQUIRED,P0,2,Member B,3,P2-T11,matching/cascade.py,Scale variation handling,Handle scale ratios from ~1.25:1 up to ~320:1 via a staged coarse-to-fine cascade; never attempt direct matching across an extreme ratio.,PS challenge #3: 'Scale Variation',REQ-09,A direct OHRC<->IIRS request is intercepted and routed through TMC-2; composed transform matches the analytic composition.,TODO
REQ-27,REQUIRED,P0,3,Member C,2,P3-T06,product/report.py,Evaluation report output,"Human-readable evaluation output carrying all PS-named metrics plus the pipeline path taken, control-gate results, confidence tier and provenance.",PS deliverable: 'Evaluation metric',"REQ-20,REQ-21,REQ-22,REQ-23",make report emits a self-contained HTML; refuses to render with empty control gates.,TODO
REQ-28,REQUIRED,P0,3,Member C,1,P3-T01,cli.py,Software interface (CLI),The 'software' deliverable: a documented CLI exposing register / benchmark / ablate / report / demo.,PS deliverable: 'Software',REQ-01,--help documents every flag; register runs end-to-end and writes a run directory.,TODO
ADD-01,ADDED,P0,1,Member A,1,P1-T01,io/pds_label.py,Real PDS4 XML label parser (non-stub),"Genuine namespace-aware PDS4 parsing of product ID, array dims, dtype, GSD, corner lat/lon (OHRC carries two quality levels), solar geometry and acquisition time. The single most commonly claimed-but-stubbed component across the ~49 competitor repos.","Research S34 (implementation stack), S14.2, failure mode #15",REQ-02,Passes tests/test_pds_real.py on real OHRC + TMC-2 + IIRS labels with >=6 verified fields.,TODO
ADD-02,ADDED,P0,1,Member A,1,P1-T02,io/pds_label.py,Real PDS3 (ODL) label parser,"ODL keyword parsing for SELENE/Kaguya and older NASA archives: OBJECT=IMAGE blocks, LINES, LINE_SAMPLES, SAMPLE_BITS, SAMPLE_TYPE, RECORD_BYTES, ^IMAGE pointer offset, unit suffixes.","Research S15 (JAXA DARTS PDS3), S16",REQ-07,Real SELENE TC .lbl round-trips; ^IMAGE offset correctly locates pixel data.,TODO
ADD-03,ADDED,P0,1,Member A,1,P1-T03,io/pds_raster.py,Raw .IMG reader with label-driven shape/dtype,"np.memmap reads using dtype, shape, endianness and offset taken FROM THE LABEL, never guessed. Windowed reads so multi-GB products are never fully loaded.",Research S17 (real product IDs and shapes),ADD-01,1 KB window from a multi-GB product in <100 ms; shape assertion matches label.,TODO
ADD-04,ADDED,P0,1,Member A,1,P1-T01,tests/test_pds_real.py,Anti-stub unit test gate,"Test asserting real label FIELDS were read, not merely that pixels loaded. A parser that silently falls back to cv2.imread must fail this test.",Research failure mode #15 (confirmed in >=2 competitor repos),ADD-01,Truncated label raises PdsParseError; label_fields_verified has >=6 True entries.,TODO
ADD-05,ADDED,P0,1,Member A,0,"P0-T03,P1-T04","configs/instruments.yaml,io/instruments.py",Instrument registry + GSD ratio service,"Config-driven registry of GSD, bands, swath, spectral range and dtype for all 7 instruments; product-ID-based instrument auto-detection; gsd_ratio() used by the regime selector and cascade planner.",Research S1.4 (verified instrument specs),REQ-09,"gsd_ratio('OHRC','IIRS') ~= 320; all 7 instruments resolve from product IDs.",TODO
ADD-06,ADDED,P0,1,Member A,1,P1-T05,io/tiling.py,Tiled / patch-based processing,"Mandatory tiling with overlap. Real products reach 191483x4000 (TMC-2), 79796x12000 (OHRC), 104448x5000 (CDR NAC) - no whole-scene inference is possible.","Research S34: 'tiling is mandatory, not optional'",ADD-03,Tiles enumerate lazily with bounded memory; tile_to_global round-trips exactly.,TODO
ADD-07,ADDED,P0,1,Member A,2,P1-T11,geometry/projection.py,Explicit GDAL reprojection + lunar CRS,"Selenographic CRS handling and an explicit reprojection step. Raw/calibrated CH-2 products carry corner lat/lon only, with NO pre-applied map projection - it must never be assumed implicit.","Research S9, failure mode #9",REQ-16,Reproject-and-back returns corner coordinates within 1e-6 deg.,TODO
ADD-08,ADDED,P0,1,Member A,2,P1-T10,geometry/footprint.py,Footprint intersection pre-filter,"Build shapely polygons from corner lat/lon, intersect, and reject pairs below a minimum overlap fraction BEFORE any matcher is invoked.",Research failure mode #10,ADD-01,A non-overlapping pair is rejected with a clear reason and zero matcher calls.,TODO
ADD-09,ADDED,P1,1,Member A,2,P1-T10,io/ode_client.py,PDS ODE REST client,"Query the Orbital Data Explorer REST API for reference products overlapping a given CH-2 footprint. Free, no login, confirmed anonymous access.",Research S15 #15 (oderest.rsl.wustl.edu),ADD-08,Returns >=1 real NAC product ID for a known lunar bounding box.,TODO
ADD-10,ADDED,P0,1,Member A,2,P1-T07,geometry/solar.py,Solar / viewing geometry extraction,"Per-scene and where possible per-pixel incidence, emission and phase angle from label fields, or SPICE-derived (mirroring ISIS3 phocube). GeometryLayers.source records which path was used.","Research S6, S29 (metadata sufficiency verified at archive-doc level)",ADD-01,"On a real label, incidence/azimuth are read not defaulted; source=='label'.",TODO
ADD-11,ADDED,P0,1,Member A,2,P1-T08,io/dem.py,DEM ingestion (LOLA / SLDEM2015 / Kaguya ARD),"Fetch and window LOLA (118 m/px global), SLDEM2015 (59 m/px, +/-60 deg lat) and Kaguya ARD Cloud-Optimized GeoTIFFs from s3://astrogeo-ard (no AWS account needed, --no-sign-request).","Research S15 #5,#6,#19",ADD-07,"Returns an elevation array co-registered to a scene footprint, with DEM source recorded.",TODO
ADD-12,ADDED,P0,1,Member A,2,P1-T09,geometry/dem_terrain.py,DEM slope and aspect computation,Derive per-pixel slope and aspect rasters. These are the direct input to the geometry-guided outlier filter - the project's novel layer.,"Research S29, Opportunity #16",ADD-11,Slope of a synthetic constant-gradient DEM equals the analytic value within 0.1 deg.,TODO
ADD-13,ADDED,P0,1+2,Member A+B,2-4,"P1-T08,P2-T09","evaluate/groundtruth.py,io/dem.py",Dual-source metadata cross-validation,"Never trust a single metadata source. Label-derived geometry is always cross-validated against an independent DEM reprojection, and the disagreement is reported as an explicit uncertainty bound.","Research S19, failure mode #8","ADD-10,ADD-11",A synthetic injected label error is caught by the DEM cross-check.,TODO
ADD-14,ADDED,P0,1+2,Member A+B,2,"P1-T04,P2-T06","io/instruments.py,estimate/robust.py",Scale-ratio pre-flight and scale sanity check,"Pre-flight comparison of the requested pair's GSD ratio against validated matcher ranges; post-estimation comparison of the ESTIMATED scale against the known GSD ratio, rejecting estimates that disagree.",Research failure modes #3 and #13,ADD-05,A deliberately wrong-scale match set is rejected with a named reason.,TODO
ADD-15,ADDED,P0,1,Member A,0-3,"P0-T04,P1-T17","scripts/fetch_*.py,scripts/pradan_runbook.md",Data acquisition scripts + PRADAN runbook,"Automated fetchers for the no-login sources (LROC PDS, ODE, JAXA DARTS, USGS ARD/STAC) plus a documented manual click-path for PRADAN, whose mandatory Keycloak SSO cannot be scripted.",Research S15 (22 verified free sources; PRADAN login is the one friction point),P0-T04,"One real product from each of CH-2, LRO NAC, SELENE TC and a DEM present in data/raw with checksums.",TODO
ADD-16,ADDED,P1,1,Member A,1,"P0-T01,P1-T17","io/cache.py,data/manifest.json",Local data cache + checksum manifest,"Every downloaded product recorded with size and checksum in a committed manifest, so any reported number traces back to exact bytes.",Research S40 (reproducibility checklist),ADD-15,Two runs on the same inputs produce identical manifest entries.,TODO
ADD-17,ADDED,P0,1,Member A,2,P1-T12,preprocess/radiometric.py,CLAHE illumination normalisation,Contrast-limited adaptive histogram equalisation plus percentile stretch and float32 0..1 normalisation. Ablation Experiment 1's primary component.,"Research S33 Experiment 1, S28 architecture",REQ-24,CLAHE measurably raises local contrast in a shadowed crop; output conforms to ImagePlane.,TODO
ADD-18,ADDED,P0,1,Member A,2,P1-T13,preprocess/phase_congruency.py,Phase congruency / Log-Gabor transform,Multi-scale multi-orientation Log-Gabor bank producing phase congruency and maximum-index maps. Survives nonlinear radiometric differences between sensors and does not depend on strong local gradients.,"Research S8, S22, S28 (RIFT/MIND family front end)",REQ-24,PC maps of an image and its gamma-shifted twin correlate >0.9 where raw intensity correlation is much lower.,TODO
ADD-19,ADDED,P1,1,Member A,3,P1-T13,preprocess/phase_congruency.py,MIND / self-similarity descriptor transform,"Modality-independent self-similarity representation, directly portable to the OHRC(panchromatic) vs IIRS(hyperspectral) pairing.",Research S8 (MIND transfer candidate),ADD-18,Cross-modal synthetic pair matches better on MIND representation than on raw intensity.,TODO
ADD-20,ADDED,P0,1,Member A,2,P1-T14,preprocess/iirs_composite.py,IIRS per-band SNR estimation,Estimate signal-to-noise per IIRS band and drop low-SNR bands before any feature extraction.,Research failure mode #4,REQ-04,Per-band SNR computed on a real IIRS cube; selected band list logged.,TODO
ADD-21,ADDED,P0,1,Member A,2,P1-T14,preprocess/iirs_composite.py,IIRS panchromatic-equivalent composite synthesis,Synthesise a panchromatic-equivalent plane from high-SNR IIRS bands instead of matching raw hyperspectral cubes. No single IIRS band corresponds to a panchromatic response; two independent teams measured 0 inliers matching raw cubes.,"Research failure mode #5, S39 Q10",ADD-20,Composite yields a higher keypoint count than the best single band on a real IIRS cube.,TODO
ADD-22,ADDED,P0,1,Member A,2,P1-T15,preprocess/shadow_mask.py,Shadow-aware masking,"Region-level intensity variance plus near-zero-illumination thresholding, optionally cross-checked against incidence angle. Shadowed regions are excluded from primary matching and treated as a separate low-confidence tier.",Research failure mode #2,REQ-24,"On a crater-interior crop, mask IoU >0.7 against a hand-drawn mask.",TODO
ADD-23,ADDED,P0,1,Member A,2,P1-T16,preprocess/texture.py,Low-texture / featureless-terrain detection,Texture scoring (gradient energy / entropy) that triggers the phase-congruency fallback when classical detectors would find too few stable keypoints on low-relief mare.,Research failure mode #1,ADD-18,A flat mare crop scores low texture and triggers the fallback path.,TODO
ADD-24,ADDED,P0,1+2,Member A+B,2-3,"P1-T16,P2-T14","preprocess/texture.py,matching/filters.py",Repetitive-terrain detection + adaptive ratio threshold,Autocorrelation-based repetitiveness scoring that drives a stricter Lowe ratio threshold in crater fields and ejecta patterns where local self-similarity causes false correspondences.,Research failure mode #11,ADD-23,A crater-field crop scores high repetitiveness and receives a tightened threshold.,TODO
ADD-25,ADDED,P0,2,Member B,1,P2-T01,matching/base.py,Matcher plugin interface + registry,"Uniform Matcher protocol (name, licence, needs_gpu, match()) with a registry, so matchers are swappable and ablatable without touching the pipeline.",Research S28 (regime-dependent architecture),P0-T02,Three different matchers register and run through the identical call path.,TODO
ADD-26,ADDED,P0,2,Member B,1,P2-T02,matching/classical.py,SIFT + RANSAC baseline,The field's own documented baseline and our ablation floor. Every real lunar registration paper uses it as the comparison floor.,"Research S33 (ablation baseline), S42 Q9",ADD-25,Recovers a known synthetic homography to <1 px RMSE.,TODO
ADD-27,ADDED,P1,2,Member B,1,P2-T02,matching/classical.py,AKAZE / ORB / BRISK classical paths,Additional classical detectors for comparison. AKAZE is competitive with SIFT near the equator; ORB is the weakest scale-invariance choice here and is included only for completeness.,"Research S20, S23 algorithm comparison",ADD-26,All three run and are selectable via config.,TODO
ADD-28,ADDED,P0,2,Member B,3,P2-T13,matching/rift.py,RIFT / SRIF cross-modal classical matcher,Radiation-variation-insensitive feature transform built on the phase-congruency/MIM maps. Purpose-built for nonlinear radiometric differences; a 2025 benchmark found classical RIFT beating the best deep method at high resolution. Reference implementation is MATLAB and needs porting - budget for it.,"Research S22, S28 architecture F, S14.1",ADD-18,Beats SIFT on a synthetic cross-modal pair by inlier ratio.,TODO
ADD-29,ADDED,P0,2,Member B,2,P2-T04,matching/learned.py,LightGlue learned matcher (SHIPPABLE DEFAULT),"Apache-2.0 including weights, fastest learned matcher, CPU-capable, strong non-lunar satellite-stereo evidence. This is the deliverable's default learned path precisely because it is licence-clean.","Research S34, S35 licence audit, S28 architecture D",ADD-25,Runs on CPU and GPU; beats SIFT on a synthetic illumination-shifted pair.,TODO
ADD-30,ADDED,P1,2,Member B,2,P2-T04,matching/learned.py,LoFTR / EfficientLoFTR detector-free path,"Dense transformer matching, strong on low-texture. Must NOT be deployed vanilla for extreme illumination - documented to fail near-completely at very low sun elevation on Mars-analog terrain without geometry-aided augmentation.","Research S21, S28 architecture C, failure mode #17",ADD-29,Runs via kornia; routed only to non-extreme-illumination regimes by the selector.,TODO
ADD-31,ADDED,P2,2,Member B,2,P2-T04,matching/learned.py,XFeat lightweight CPU path,"Apache-2.0, real-time webcam-capable, with a real registration demo. The safety net if the demo machine has no GPU.","Research S35, Opportunity #17",ADD-29,Full pipeline completes on CPU within the demo time budget.,TODO
ADD-32,ADDED,P1,2,Member B,2,P2-T05,matching/superglue_bench.py,SuperGlue internal-benchmark adapter (LICENCE-GATED),"SuperGlue has the strongest direct real-Chandrayaan-2 evidence of any method - lowest RMSE and fastest runtime among five methods tested, and no polar degradation where classical methods degraded. We benchmark against it honestly, but its Magic Leap licence is non-commercial research only, so it is NEVER in the shipped path.","Research S3.1, S21, S35 licence audit, failure mode #14",ADD-25,Import raises LicenceRestrictedError under ship_mode: true; outputs land in an excluded directory.,TODO
ADD-33,ADDED,P0,2+3,Member B+C,1,"P2-T01,P3-T11","matching/base.py,docs/LICENSE_AUDIT.md",Licence gate enforcement,"ship_mode: true blocks construction of any non-permissive matcher; CI runs a dependency licence check; R2D2 (CC BY-NC-SA, share-alike) is excluded entirely.","Research S35, failure mode #14",ADD-32,tests/test_licence_gate.py proves restricted matchers cannot be instantiated in ship mode.,TODO
ADD-34,ADDED,P0,2,Member B,3,P2-T10,"matching/regime.py,configs/regimes.yaml",Regime selector (DIFFERENTIATOR),"Route to a matcher based on extracted incidence angle, scale ratio and modality rather than hardcoding one method. The evidence is genuinely regime-dependent: SuperGlue-class wins at lunar poles, classical RIFT wins at high resolution in a separate benchmark; neither generalises universally.","Research S28 architecture F, S23 method-selection conclusion, S39 Q3","ADD-10,ADD-29","A polar pair routes to the polar path; an extreme-scale request routes to the cascade, never a direct match.",TODO
ADD-35,ADDED,P0,2,Member B,3,P2-T11,matching/cascade.py,Scale-bridging cascade (DIFFERENTIATOR),Staged coarse-to-fine bridging: OHRC->TMC-2 (~20:1) -> SELENE TC (~2:1) or IIRS (~16:1) -> LRO NAC/WAC. No matcher in the literature has documented evaluation at 100x+ ratios; every real lunar paper chose resolution-matched pairs. Includes per-hop uncertainty propagation.,"Research S7, S28 architecture H, Opportunity #8, failure mode #3","ADD-34,ADD-14",Direct OHRC<->IIRS is intercepted and routed via TMC-2; composed transform matches the analytic composition.,TODO
ADD-36,ADDED,P1,2,Member B,3,P2-T11,matching/cascade.py,OHRC-as-geodetic-bridge mode,"Register OHRC to LRO NAC first for absolute geolocation control (the only pairing with strong repeated real evidence), then tie TMC-2 and IIRS into that same frame via their internal geometric relationship to OHRC - same spacecraft, same orbit, near-simultaneous acquisition. FLAGGED AS A DESIGN HYPOTHESIS to validate during the build, not a literature-backed finding.","Research S29, Opportunity #9",ADD-35,Bridge mode runs and its result is reported separately from the direct-registration result.,TODO
ADD-37,ADDED,P1,2,Member B,3,P2-T14,matching/filters.py,ASIFT-style affine simulation for extreme rotation,"Orientation-histogram sanity check pre-RANSAC; on failure, run affine simulation or switch to a rotation-invariant descriptor. Pushbroom sensor geometry and orbit-track differences between missions produce large rotations.","Research failure mode #6, REQ-25",ADD-28,A 60 deg rotated synthetic pair that plain SIFT fails on is recovered.,TODO
ADD-38,ADDED,P1,2,Member B,3,P2-T14,matching/filters.py,DEM/SPICE coarse geolocation prior for large displacement,"On match-count collapse at the default search radius, widen the search using a DEM/SPICE-derived coarse geolocation prior before fine matching.",Research failure mode #7,"ADD-10,ADD-11",A pair with injected 500 px geolocation error still registers after the prior is applied.,TODO
ADD-39,ADDED,P0,2,Member B,1,P2-T02,matching/filters.py,Lowe ratio test + mutual nearest neighbour,The cheap robustness floor every serious implementation uses at minimum.,Research S2 part C,ADD-26,Both filters demonstrably reduce outlier fraction on a fixture.,TODO
ADD-40,ADDED,P0,2,Member B,2,P2-T06,estimate/robust.py,MAGSAC++ / USAC robust estimation,Modern robust estimators that remove RANSAC's manual inlier threshold via sigma-consensus.,"Research S2 part D, S4.1 #17",REQ-14,Beats plain RANSAC on a synthetic set with 70% outliers.,TODO
ADD-41,ADDED,P1,2,Member B,2,P2-T06,estimate/models.py,TPS / piecewise transform for local relief,Thin-plate-spline and piecewise models handle local non-rigid distortion from crater-driven terrain relief that a single global homography cannot.,Research S2 part D,REQ-14,TPS reduces residual error vs homography on a synthetic relief-distorted pair.,TODO
ADD-42,ADDED,P0,2,Member B,3,P2-T12,estimate/geometry_filter.py,Geometry-guided outlier filtering (PRIMARY NOVEL LAYER),Sample DEM slope/aspect and incidence/emission/phase at both endpoints of each candidate match; reject geometrically implausible matches; reweight survivors by geometric plausibility into MAGSAC; use DEM consistency to disambiguate repetitive terrain. No source demonstrates a general runtime pipeline doing this for cross-sensor lunar images - it is the most defensible novel component.,"Research S29, Opportunity #6, S28 architecture G-as-filter","ADD-12,ADD-40","On a repetitive-crater-field subset, false-positive inliers drop measurably vs RANSAC-only; INLIER PRECISION is the reported metric (Ablation Exp 3).",TODO
ADD-43,ADDED,P0,2,Member B,2,P2-T07,refine/uniformity.py,Grid partition + per-cell top-k retention,Steps 1-2 of the spatial uniformity algorithm: NxN grid adaptive to image size and match density; keep only the top-k highest-confidence matches per cell so dense regions cannot dominate RANSAC consensus.,Research S30 steps 1-2,REQ-19,Over-dense regions are thinned; per-cell counts never exceed k.,TODO
ADD-44,ADDED,P0,2,Member B,2,P2-T07,refine/uniformity.py,Empty-cell secondary low-threshold pass,"Step 3: for cells with zero matches after the primary pass, run a lower-threshold secondary pass restricted to that cell's local region, avoiding the PS-illustrated dense-cluster-plus-empty-regions failure.",Research S30 step 3,ADD-43,Coverage improves after the secondary pass on a fixture with deliberate empty regions.,TODO
ADD-45,ADDED,P1,2,Member B,2,P2-T07,refine/uniformity.py,Delaunay coverage diagnostic,"Step 5: triangulate the final inlier set and flag any triangle above an area threshold as an under-covered region - a second, complementary coverage diagnostic beside grid occupancy.",Research S30 step 5,ADD-43,max_delaunay_gap_px populated; correlates inversely with spatial_coverage on fixtures.,TODO
ADD-46,ADDED,P2,2,Member B,2,P2-T07,refine/uniformity.py,Farthest-point sampling alternative,Alternative coverage-optimising selector for comparison against grid retention.,Research S30 (generic technique literature),ADD-43,Selectable via config; compared against grid retention in the report.,TODO
ADD-47,ADDED,P0,2,Member B,2,P2-T08,refine/subpixel.py,Quadratic NCC peak fitting,Fit a parabola to the normalised cross-correlation surface around each integer-pixel match to interpolate the sub-pixel peak.,Research S31 (confirmed working in real competitor code),REQ-17,Recovers a known sub-pixel shift to <0.1 px on the fixture.,TODO
ADD-48,ADDED,P0,2,Member B,2,P2-T08,refine/subpixel.py,Phase-correlation residual shift correction,Fourier / log-polar phase correlation for sub-pixel AND scale residual estimation after the primary match.,Research S31,REQ-17,"Residual shift after correction is smaller than before, measured on the fixture.",TODO
ADD-49,ADDED,P1,2,Member B,2,P2-T08,refine/subpixel.py,cv2.cornerSubPix refinement,Standard OpenCV iterative sub-pixel corner refinement as a third independent method.,Research S31,REQ-17,Runs and is included in the sub-pixel method comparison table.,TODO
ADD-50,ADDED,P1,2,Member B,2,P2-T08,refine/subpixel.py,Iterative least-squares homography refinement,Refines the GLOBAL transform post-match rather than individual point locations - a structurally different fourth method.,Research S31,REQ-17,Global RMSE decreases after refinement on real data.,TODO
ADD-51,ADDED,P0,2,Member B,2,P2-T08,"tests/factories.py,refine/subpixel.py",Synthetic sub-pixel self-validation harness,Apply a KNOWN sub-pixel shift to a real CH-2 image and measure recovery error against that exactly-known shift. The only honest way to prove sub-pixel accuracy when no public sub-pixel ground truth exists.,"Research S31, S39 Q16",REQ-18,Metrics.subpixel_recovery_err_px populated from a real measurement on real imagery.,TODO
ADD-52,ADDED,P0,2,Member B,4,P2-T16,evaluate/metrics.py,Confidence tier reporting,"HIGH / MEDIUM / LOW / REJECTED tiers thresholded on inlier count, ratio, coverage and gate results. A RANSAC 'success' with a low true-inlier count is not unconditionally trustworthy.","Research S28, failure mode #12, S39 Q37",REQ-23,"A deliberately impossible pair returns REJECTED with a populated failure_modes list, exiting 0.",TODO
ADD-53,ADDED,P0,2,Member B,4,P2-T15,evaluate/control_gates.py,Control gate: constant-grey null test,Match a constant-grey image against the reference. Near-zero inliers must result; a 'success' here means the pipeline is broken.,Research failure mode #19 (a competitor's real shared-zero-mask bug produced fake 100% inlier rates),ADD-52,Gate runs on every benchmark execution and is recorded in RegistrationResult.gates.,TODO
ADD-54,ADDED,P0,2,Member B,4,P2-T15,evaluate/control_gates.py,Control gate: perturbation sensitivity test,Apply a known 5 px shift; the recovered transform must move by ~5 px - not 0 (insensitive) and not 50 (unstable).,Research S32 failure mode #19 detection column,ADD-53,Gate result recorded; a deliberately broken pipeline fails it.,TODO
ADD-55,ADDED,P0,2,Member B,4,P2-T15,evaluate/control_gates.py,Control gate: shared-mask / aliasing guard + identity + noise + scale sanity,"Assert source and reference masks are distinct objects; match an image against itself (RMSE~0, ratio~1); match pure noise (near-zero inliers); verify estimated scale against the known GSD ratio.","Research failure mode #19, #13",ADD-53,All four gates run and are recorded on every benchmark execution.,TODO
ADD-56,ADDED,P0,2+3,Member B+C,4,"P2-T15,P3-T06","evaluate/control_gates.py,product/report.py",Quality gating - refuse to report without gates,report.py refuses to render a result whose gates dict is empty. A run without control gates is not a valid result.,Research S28 honest quality gating; honesty rule H4,ADD-53,A mocked empty-gates result raises rather than rendering.,TODO
ADD-57,ADDED,P0,1+2,Member A+B,4,"P1-T18,P2-T17","evaluate/benchmark.py,configs/benchmark_tiers.yaml",Four-tier custom benchmark (Easy/Medium/Hard/Extreme),"No existing benchmark fits: HPatches/MegaDepth/IMC/ETH3D are terrestrial, SEN1-2/3MOS/MultiResSAR are Earth SAR-optical, and the closest lunar precedent was internal to one paper and never published as reusable. Easy=OHRC<->NAC, Medium=IIRS<->WAC, Hard=TMC-2<->NAC/SELENE-TC (THE contribution), Extreme=OHRC<->IIRS (included to report degradation honestly, not to claim success).","Research S18 (no benchmark fits), S19 (tier design)",ADD-13,make bench produces per-tier RMSE / inlier count / ratio / coverage / runtime plus all gate results.,TODO
ADD-58,ADDED,P0,2,Member B,4,P2-T09,evaluate/groundtruth.py,Ground-truth derivation (label geometry x DEM),"Ground truth from PDS4 label geometry (OHRC's two corner-quality levels both used), cross-validated against an independent DEM reprojection, hand-verified on a held-out subset, with conservative per-tier error bounds. Hard tier's bound is deliberately left open since no precedent exists.","Research S19, S39 Q15",ADD-13,Label-derived and DEM-derived transforms are reported together with their disagreement.,TODO
ADD-59,ADDED,P0,2,Member B,4,P2-T18,evaluate/ablation.py,Six-stage ablation runner,"Baseline(SIFT+RANSAC) -> +illumination normalisation -> +deep features -> +geometry constraints -> +cascade -> +sub-pixel -> Final. Structured to test whether each component HELPS, not to assume it does. Experiments 3 and 4 are expected to matter most.",Research S33 (full ablation design),ADD-57,make ablate produces a per-stage table; a stage that does not help is reported as not helping.,TODO
ADD-60,ADDED,P0,2,Member B,5,P2-T20,"evaluate/benchmark.py,product/report.py",External-validity comparison against published baselines,"Place our measured Easy/Medium numbers next to published external baselines, each tagged source='external' vs 'measured'. Easy/Medium are the credibility floor that earns the right to be believed on Hard/Extreme where no external precedent exists.","Research S33, S40 expected results, honesty rule H5",ADD-57,Report renders both columns distinctly; no external number is ever presented as ours.,TODO
ADD-61,ADDED,P1,2,Member B,4,P2-T17,evaluate/metrics.py,Runtime / throughput measurement,"Measure our own end-to-end pipeline time including tiling and preprocessing. Published per-method figures (LightGlue 44.2 ms/pair, SuperGlue ~69 ms, LoFTR 116-130 ms) are planning inputs only, never reported as ours.","Research S34 inference speed, S39 Q26",ADD-57,Metrics.runtime_s measured per run; end-to-end time reported separately from per-matcher time.,TODO
ADD-62,ADDED,P0,2,Member B,4,P2-T19,"evaluate/failure_log.py,docs/FAILURE_MODES.md",20-mode failure register + runtime logger,"All 20 documented failure modes with cause, detection hook and mitigation; every observed runtime failure tagged to a mode ID and surfaced in RegistrationResult.failure_modes.","Research S32 (20 failure modes, drawn from real competitor failures not invented generically)",ADD-52,Each of the 20 modes has a detection hook or an explicit 'manual detection only' note.,TODO
ADD-63,ADDED,P0,3,Member C,2,P3-T04,product/provenance.py,Provenance manifest on every output,"Input product IDs + checksums, config hash, package versions, git commit SHA, UTC timestamp, host/GPU, and the ship_mode flag embedded in every output.",Research S40 reproducibility checklist; honesty rule H2,ADD-16,Two runs from the same commit and inputs produce identical manifests except the timestamp.,TODO
ADD-64,ADDED,P0,3,Member C,2,P3-T05,viz/sidebyside.py,Side-by-side illumination-difference panel,Source and reference shown together with the sun-angle delta annotated. The visual that makes the problem obvious in five seconds - the demo opens on this.,Research S38 demo script 0:00-0:20,REQ-24,Renders from both a mock and a real RegistrationResult.,TODO
ADD-65,ADDED,P0,3,Member C,2,P3-T05,viz/match_plot.py,Match overlay visualisation,Inliers vs outliers colour-coded across the pair.,Research S38 demo script 0:45-1:30,REQ-13,Renders; inlier/outlier counts in the figure match Metrics.,TODO
ADD-66,ADDED,P0,3,Member C,2,P3-T05,viz/coverage_plot.py,Spatial coverage heatmap,NxN grid occupancy heatmap - the figure that SHOWS the PS's uniformity mandate being met rather than merely asserting it.,"Research S30, PS uniform-distribution mandate",REQ-20,Heatmap cell count matches the configured grid; occupancy fraction matches Metrics.spatial_coverage.,TODO
ADD-67,ADDED,P1,3,Member C,2,P3-T05,viz/swipe.py,Before/after registration swipe + checkerboard,Interactive swipe and checkerboard overlay showing pre- vs post-registration alignment.,Research S38 demo script 0:45-1:30,REQ-15,Renders in the report and in the UI.,TODO
ADD-68,ADDED,P0,3,Member C,2-4,P3-T06,product/report.py,HTML evaluation report generator,"Jinja2 report: inputs -> pipeline path taken (regime, cascade stages) -> the four PS metrics -> coverage figure -> sub-pixel validation -> control-gate table -> confidence tier -> failure modes -> provenance. None renders as 'not measured', never as blank or zero.",PS deliverable + honesty rules H1/H4/H5,"REQ-27,ADD-56",Self-contained HTML; refuses to render on empty gates; every number carries a source tag.,TODO
ADD-69,ADDED,P1,3,Member C,2-3,P3-T07,api.py,FastAPI demo backend,"POST /register (async job), GET /runs/{id} (status + metrics), GET /runs/{id}/assets/{name}, GET /pairs (curated benchmark pairs).",Research S37/S38 demo requirements,REQ-28,Returns a valid result for a curated pair within the configured timeout; streams progress.,TODO
ADD-70,ADDED,P0,3,Member C,3-5,P3-T08,ui/,Demo web UI,"Pick a curated pair or upload; live progress showing which regime/cascade path was chosen; results screen with all four visuals, metric cards and a confidence-tier badge. A REJECTED run renders an explicit 'REJECTED - reason' panel; hiding failures in the UI would undo the entire honesty discipline.","Research S37 (modal competitor is 'basic web UI'), honesty rule H3",ADD-69,Full flow works OFFLINE from cached runs - assume venue Wi-Fi fails.,TODO
ADD-71,ADDED,P0,3,Member C,5,P3-T12,scripts/run_demo.py,Scripted 3-minute demo runner,The reproducible demo: real CH-2 + real reference with visible sun-angle difference -> SIFT failing -> our method -> live metrics -> the TMC-2<->SELENE TC differentiator segment -> closing solved-vs-added slide. Every bracketed number replaced with our own measurement from the same protocol.,Research S38 (full demo script),"ADD-70,ADD-57","Runs twice in a row from a clean clone with no network, under 3 minutes.",TODO
ADD-72,ADDED,P0,3,Member C,4,P3-T09,docs/JUDGE_QA.md,Judge defence document (40 questions),"All 40 anticipated judge questions answered with this project's own evidence and measured numbers, not generic CV-course answers.",Research S39 (40-question judge attack test),ADD-68,Every answer either cites a measured number or explicitly states the limitation.,TODO
ADD-73,ADDED,P0,3,Member C,4,P3-T10,"docs/REPRODUCIBILITY.md,scripts/reproduce.sh",Reproducibility checklist + script,"Dataset access notes (PRADAN needs SSO; NASA/JAXA/USGS do not), pinned environment, licence-audited dependencies, weights provenance, training procedure stated honestly, evaluation scripts, ground-truth derivation, expected per-tier results.",Research S40 reproducibility checklist; honesty rules H2/H6,ADD-63,bash scripts/reproduce.sh regenerates every reported number from a clean clone.,TODO
ADD-74,ADDED,P0,3,Member C,4,P3-T11,docs/LICENSE_AUDIT.md,Licence audit document,"Component-by-component licence table plus the explicit statement that the deliverable is buildable entirely from Apache-2.0/MIT/BSD components, with non-commercial matchers confined to an excluded internal benchmark. A deliberate design choice to remove licence risk from anything ISRO might redistribute.","Research S35 licence audit, S39 Q29/Q30",ADD-33,Every dependency in requirements.lock appears with its licence and a ship/no-ship verdict.,TODO
ADD-75,ADDED,P1,1+2,Member A+B,5,P1-T19,docs/ARCHITECTURE.md,Architecture document,"Pipeline diagram, module ownership table, the regime routing table and the cascade stage graph.",Research S28 recommended architecture,"ADD-34,ADD-35",Diagram matches the shipped module layout; reviewed by all three members.,TODO
ADD-76,ADDED,P0,3,Member C,0,P0-T06,"Makefile,.github/workflows",CI + pinned environment,make setup/test/bench/ablate/demo/report; GitHub Actions runs tests on every PR and blocks merge on red; lockfile committed.,Research S40 environment pinning,P0-T01,A red build blocks merge; lockfile reproduces the environment.,TODO
ADD-77,ADDED,P0,2,Member B,1-4,"P2-T03,P2-T15",tests/test_honesty.py,Honesty test suite,"Automated enforcement of rules H1-H6: no hardcoded metric literals in return paths, Metrics defaults to None, report requires source tags and non-empty gates.",Research S32 failure modes #19/#20; project honesty rules,ADD-56,Suite fails if a fabricated constant is introduced into a metric path.,TODO
ADD-78,ADDED,P1,3,Member C,0,P0-T05,tests/factories.py,Mock/synthetic data factories,Synthetic SceneMeta/ImagePlane/RegistrationResult plus an image pair with a KNOWN homography and KNOWN sub-pixel shift. Unblocks Parts 2 and 3 before real data lands and doubles as the sub-pixel validation fixture.,Engineering necessity given the PRADAN access-latency risk,P0-T02,"make_pair(scale, rot_deg, shift) returns two arrays plus the exact ground-truth transform.",TODO
ADD-79,ADDED,P2,1,Member A,3-5,P1-T19,"docs/ARCHITECTURE.md,io/",Optional ISIS3 / ASP integration (containerised),Rigorous planetary camera models where feasible. CONFIRMED FRAGILE: spiceinit is documented to fail on stock releases for OHRC without manual template files. Budget explicit integration time and keep the whole pipeline functional WITHOUT ISIS.,"Research S11, S34, failure mode #18",ADD-15,Pipeline passes all tests with ISIS absent; ISIS path is strictly additive.,TODO
ADD-80,ADDED,P2,2,Member B,5,P2-T11,matching/cascade.py,Cross-instrument internal consistency (BONUS),OHRC<->TMC-2<->IIRS internal registration as a secondary/bonus capability. OHRC<->TMC-2 has real precedent; direct OHRC<->IIRS is a known 0-inlier failure and must go through the cascade. Explicitly NOT the PS's stated primary target.,"Research S26 ('not claimed worthless, but secondary'), Opportunity #14",ADD-35,Runs as an optional mode; results reported separately from the PS's primary external-reference target.,TODO
